{
  "model_kind": "logistic_calibrated_isotonic",
  "feature_columns": [
    "sms_reply_pct",
    "push_open_pct",
    "plan_completion_3",
    "cv_progress_pct",
    "vacancies_saved",
    "sessions_attended_3",
    "open_barriers",
    "disability_flag",
    "digital_low",
    "digital_high",
    "uc_months_at_start",
    "region_key_derbyshire-notts",
    "region_key_north-london",
    "region_key_south-east-london",
    "region_key_south-yorkshire",
    "region_key_wales",
    "prior_sector_Admin / office",
    "prior_sector_Care / health",
    "prior_sector_Cleaning / facilities",
    "prior_sector_Construction",
    "prior_sector_Driving",
    "prior_sector_Hospitality",
    "prior_sector_Manufacturing",
    "prior_sector_Other",
    "prior_sector_Retail",
    "prior_sector_Security",
    "prior_sector_Warehouse / logistics"
  ],
  "mean_coefficients": [
    0.023897779952776164,
    0.017692490819757926,
    -0.10192510277664786,
    0.002199902153841444,
    -0.04614738160103799,
    0.156886497946503,
    -0.8669740196969702,
    0.0,
    -0.18760809938389328,
    0.0975669698391993,
    -0.003434677962494654,
    -0.24845437276280197,
    -0.0936908066950474,
    -0.1814783009127888,
    -0.14597551374509896,
    -0.16896126434778933,
    0.03873177200453688,
    -0.15530067513092258,
    -0.0716700427136103,
    -0.2640738500245894,
    -0.028779333581740552,
    -0.16392276334202133,
    -0.028431841897059634,
    -0.21163388826564988,
    0.0018552114731827303,
    0.1252939776772623,
    -0.08062882466424967
  ],
  "intercept": -2.890788011317707,
  "n_folds": 5,
  "n_training_rows": 10287,
  "positive_rate": 0.1510644502770487,
  "auc_proxy_top_decile_lift": 3.7670421255051605
}